gauge_id,slope_mean,vcmx25_mean,mfsno_mean,cwpvt_mean,point_geometries,soil_index,soil_depth
Gage-01022500,0.0886465204092622,73.64303849084371,0.8365774317775382,0.33137192048660574,POINT (-68.07313 44.79691),8.0,2.0
Gage-01031500,0.048476524297358756,68.91613232266431,1.3980590834829274,0.32611799638343686,POINT (-69.58119 45.23568),12.0,2.0
Gage-01047000,0.020853549315948666,67.42716315609334,0.8690062728067094,0.2839495582465757,POINT (-70.16213 44.98744),8.0,2.0
Gage-01052500,0.02291237645056179,73.8148833917919,0.6484109436420583,0.35006192563628924,POINT (-71.17197 44.96168),12.0,2.0
Gage-01054200,0.13331641510950218,75.92778444538023,0.9219625201816969,0.3260953513985889,POINT (-71.05872 44.31072),8.0,2.0
Gage-01055000,0.03566717728189447,65.98420059391877,1.4947163057421187,0.137566614404389,POINT (-70.62632 44.75157),8.0,2.0
Gage-01057000,0.052835353485404524,55.4764544328299,1.2975722260878437,0.29940962983725417,POINT (-70.60039 44.3434),8.0,2.0
Gage-01073000,0.04295711762775726,44.43743932607723,3.6296188696941862,0.3375445784606621,POINT (-71.00569 43.15747),8.0,2.0
Gage-01078000,0.0589337918979407,72.9273985346543,1.0056731563770158,0.35755763501676213,POINT (-71.89296 43.56186),8.0,2.0
Gage-01123000,0.07161524000950639,67.42848232627345,0.7838916777918895,0.102111754475708,POINT (-72.05134 41.75061),8.0,2.0
Gage-01134500,0.04893361859897939,78.54539370326547,3.90905558797584,0.357435595660361,POINT (-71.80225 44.57153),8.0,2.0
Gage-01137500,0.09120822641021974,72.53321894751544,0.6789472163311756,0.14732160114490203,POINT (-71.47415 44.25389),8.0,2.0
Gage-01139000,0.07073743643497728,62.17265352239236,1.058093983439348,0.35905878723536677,POINT (-72.21213 44.21836),8.0,2.0
Gage-01139800,0.09165940706147736,48.74616341941956,1.020280351295733,0.357486641050879,POINT (-72.36594 44.09478),8.0,2.0
Gage-01142500,0.027347935213149568,75.8288101895741,3.922722917871438,0.3566084460875387,POINT (-72.66255 44.00276),3.0,2.0
Gage-01144000,0.10440169864633962,68.47433974150593,1.906494870039463,0.3056863469418065,POINT (-72.66126 43.88571),8.0,2.0
Gage-01162500,0.01767355058221404,72.07415091226731,0.6892064426646984,0.3467180131117777,POINT (-72.14154 42.75409),8.0,2.0
Gage-01169000,0.07665163474151442,75.54679548571474,3.863761115159821,0.2844492182785929,POINT (-72.77633 42.73597),3.0,2.0
Gage-01170100,0.06705748010373913,52.29545907684733,1.7651959836242779,0.22074148542005398,POINT (-72.70524 42.79432),8.0,2.0
Gage-01181000,0.09635497366570395,77.26776527918278,3.90277659584092,0.3528392994786222,POINT (-73.03143 42.30441),3.0,2.0
Gage-01187300,0.049828324142259774,72.80369250045885,1.0827416405126238,0.2882008592925166,POINT (-72.9751 42.07967),3.0,2.0
Gage-01195100,0.019200948998332,82.51307601257743,2.0,0.3364245891571045,POINT (-72.54759 41.32971),8.0,2.0
Gage-01333000,0.17841372836647235,79.55477849942072,0.63633260049872,0.18531195969559253,POINT (-73.23597 42.63857),3.0,2.0
Gage-01350000,0.08051807284965627,79.39532115256836,1.0546356275179944,0.3598160184799742,POINT (-74.26812 42.25692),12.0,2.0
Gage-01350080,0.06389958573887093,74.63862085419834,3.947595187790327,0.3571865044711929,POINT (-74.3438 42.39659),12.0,2.0
Gage-01350140,0.02661226193127665,55.23228782891813,3.9823306002644587,0.35733228015489127,POINT (-74.53833 42.44596),12.0,2.0
Gage-01365000,0.10540640909347004,52.07295076515153,3.8420516273356764,0.3515630781562921,POINT (-74.42639 41.9147),3.0,2.0
Gage-01411300,0.379410133280708,70.12375583779348,2.0,0.13655483119053916,POINT (-74.86063 39.34938),8.0,2.0
Gage-01413500,0.31303751927238427,70.48147750092356,2.9043261642144453,0.3361822911787165,POINT (-74.55636 42.20133),12.0,2.0
Gage-01414500,0.0913429860286249,81.68088056505938,1.755128922924834,0.3591801321176273,POINT (-74.65448 42.08086),12.0,2.0
Gage-01415000,0.13737608910605043,73.16312261711958,0.6145076397080764,0.34477534268618787,POINT (-74.80096 42.18552),12.0,2.0
Gage-01423000,0.112487555257227,69.42741748066824,1.9229481396418793,0.3416280044066869,POINT (-74.87784 42.28871),12.0,2.0
Gage-01434025,0.07925290125743455,60.610616415758614,1.132383494782018,0.3545794097470773,POINT (-74.48483 42.01478),3.0,2.0
Gage-01435000,0.06389839987924101,63.49128961646472,1.3670435408993744,0.3519512269513284,POINT (-74.50569 41.96424),12.0,2.0
Gage-01439500,0.3383225639850278,46.815613642195004,3.7714570664847877,0.3478815105156348,POINT (-75.0974 41.20994),12.0,2.0
Gage-01440000,0.027931881453621518,38.44433292711058,3.8210345452177457,0.3437290493923506,POINT (-74.79817 41.21119),3.0,2.0
Gage-01440400,0.023599150301135772,72.30809530887095,0.9696880736118121,0.35386854270301554,POINT (-75.24309 41.18775),12.0,2.0
Gage-01451800,0.07526512183604987,74.45829952617925,3.852097037177354,0.3275505865460713,POINT (-75.68416 40.6604),12.0,2.0
Gage-01466500,0.058086000727465496,68.25541431343342,0.8103640590975295,0.22758460799255298,POINT (-74.49062 39.87334),5.0,2.0
Gage-01484100,0.047383008724958,97.86889585542367,2.0,0.3012795998948435,POINT (-75.52798 38.89235),4.0,2.0
Gage-01487000,0.06920173340288861,61.69699004495101,2.0,0.13058061804101043,POINT (-75.56216 38.8002),8.0,2.0
Gage-01491000,0.02325297826318184,64.2336347619111,2.001134089120912,0.21651892854361451,POINT (-75.70663 39.07677),8.0,2.0
Gage-01510000,0.11402657660569673,67.42515533479897,3.7376699592641605,0.3565221517355239,POINT (-75.80821 42.68791),12.0,2.0
Gage-01516500,0.08243949386100057,46.99584007043664,1.2266305297973037,0.1119549049372915,POINT (-76.96981 41.76926),12.0,2.0
Gage-01518862,0.020291562770098324,77.35681193896046,0.6817898672123343,0.24111531935016237,POINT (-77.6206 41.93231),12.0,2.0
Gage-01532000,0.014112170476439414,81.0254174386222,0.6139693554398992,0.32276893435500953,POINT (-76.6915 41.66388),12.0,2.0
Gage-01539000,0.05617106748825738,56.88033292239362,0.8773453470306506,0.35022121465231043,POINT (-76.3416 41.23694),12.0,2.0
Gage-01542810,0.05184443532199212,61.4054742810666,0.7818197758914747,0.3566629694097851,POINT (-78.2881 41.6115),12.0,2.0
Gage-01543000,0.052811195913958824,60.50098087364305,0.7976561080931851,0.35648046498354125,POINT (-78.29729 41.54218),3.0,2.0
Gage-01543500,0.13424901074005374,71.49825839495654,2.533352382596962,0.3503239431781863,POINT (-78.35836 41.40397),3.0,2.0
Gage-01544500,0.018210972972529396,78.53321251272152,3.9052093789803988,0.356221856381379,POINT (-77.72149 41.58549),3.0,2.0
Gage-01545600,0.020681237359539938,58.25231000376532,3.7382581411638984,0.3301090545340975,POINT (-77.64025 41.46426),3.0,2.0
Gage-01547700,0.054241648123793416,69.75164789060439,2.801006442379816,0.27781478259865516,POINT (-77.74363 41.04534),12.0,2.0
Gage-01548500,0.15480573230468295,69.20998107569127,1.928138842003732,0.35176880529156856,POINT (-77.50991 41.71098),12.0,2.0
Gage-01549500,0.040571206153117254,43.176606695549616,3.7347801320990888,0.10854215789557022,POINT (-77.13671 41.51403),12.0,2.0
Gage-01550000,0.06970849889747736,70.88463484411952,1.8366224098559094,0.304053962864443,POINT (-76.9518 41.53137),12.0,2.0
Gage-01552000,0.13321511867354935,80.33957141665584,1.8053194891158384,0.24373583641881477,POINT (-76.60305 41.4651),12.0,2.0
Gage-01552500,0.3489228287240284,79.18491508942115,1.9655161103498568,0.19203940059981794,POINT (-76.46825 41.37431),12.0,2.0
Gage-01557500,0.030688630283060587,80.61467908011198,1.1131883950899015,0.09367791932381689,POINT (-78.21291 40.74115),12.0,2.0
Gage-01567500,0.033218364985209636,77.61844810025221,0.7529395770674234,0.29735912340206017,POINT (-77.44 40.38734),12.0,2.0
Gage-01568000,0.03658002817417595,58.25360303989008,2.798460852414712,0.1826651473361891,POINT (-77.40676 40.3193),12.0,2.0
Gage-01580000,0.08867592665142143,53.65430973067769,1.1668747275424054,0.14263214010542077,POINT (-76.53141 39.693),12.0,2.0
Gage-01583500,0.054362493333497575,66.51090427633389,1.6661198672859907,0.09403999385417235,POINT (-76.76289 39.53296),3.0,2.0
Gage-01586610,0.028216577526731013,56.00823493660529,2.0825246797299473,0.17036638919923155,POINT (-77.01429 39.48942),3.0,2.0
Gage-01591400,0.03933492308391872,71.91336853097114,3.1953591860256676,0.3201015816824102,POINT (-77.06386 39.30656),12.0,2.0
Gage-01594950,0.13140412133998378,80.6875015353589,1.5126984153521006,0.22255195697512367,POINT (-79.41151 39.28331),12.0,2.0
Gage-01596500,0.023414191612597918,61.98703860418568,1.4790295769245134,0.2676380387669879,POINT (-79.05898 39.63149),3.0,2.0
Gage-01605500,0.06631204134484082,57.17851904904838,1.0404145567538199,0.12573242216261135,POINT (-79.45611 38.52689),8.0,2.0
Gage-01606500,0.06733819024061055,69.44881107454067,2.410261773429822,0.18621286463113676,POINT (-79.41803 38.69911),12.0,2.0
Gage-01632000,0.016451531650810508,73.4383668526513,1.4225023609124419,0.09619638468981614,POINT (-78.96078 38.70073),12.0,2.0
Gage-01632900,0.14343660298713948,37.8677960049969,2.3951909773843636,0.10720768171450161,POINT (-78.72713 38.5445),12.0,2.0
Gage-01634500,0.047801667703386216,48.88859130502061,0.7326049608402879,0.1523498089966841,POINT (-78.44939 39.06919),12.0,2.0
Gage-01638480,0.2233057531408145,76.75310933003198,0.5968819065760427,0.33151588019750294,POINT (-77.67379 39.2006),3.0,2.0
Gage-01639500,0.04676517643911673,70.63909525526817,0.9170599272632595,0.35503309854974635,POINT (-77.05279 39.6456),3.0,2.0
Gage-01644000,0.036873589549660905,64.11119318962025,0.8119468828655529,0.34947112823361026,POINT (-77.80391 38.99276),3.0,2.0
Gage-01664000,0.05378132862073038,62.841400409576096,1.3163194633396191,0.25794538472099143,POINT (-78.06367 38.67616),12.0,2.0
Gage-01666500,0.24270554437090305,37.996902371322626,1.7964999459964466,0.16318834366804988,POINT (-78.24173 38.43387),12.0,2.0
Gage-01667500,0.056440769467023005,60.827436139744556,0.9890256205195246,0.34195710356730213,POINT (-78.2687 38.35774),8.0,2.0
Gage-01669000,0.12730772064464646,56.92420613417951,1.6494961747096044,0.1908273305376198,POINT (-76.96508 37.86945),12.0,2.0
Gage-01669520,0.2430221925117946,35.22466386390568,2.0,0.35381105545231334,POINT (-76.80353 37.73868),8.0,2.0
Gage-02011400,0.0241731076366357,61.04105625937425,0.8188885042263306,0.10227905585307415,POINT (-79.7187 38.20913),8.0,2.0
Gage-02013000,0.0241731076366357,61.04105625937425,0.8188885042263306,0.10227905585307415,POINT (-80.18125 37.75112),8.0,2.0
Gage-02014000,,,,,POINT (-80.21602 37.59871),,
Gage-02015700,0.0059679444804873584,66.11544318911685,0.8144146485954414,0.24390926932160042,POINT (-79.5311 38.32088),8.0,2.0
Gage-02016000,0.30940567286250353,64.36355284728417,1.8725745989383817,0.24387096832067454,POINT (-79.60087 38.12175),8.0,2.0
Gage-02017500,0.05020127280017442,68.4352448723111,0.6799720933967428,0.1790857265148928,POINT (-80.31146 37.46102),8.0,2.0
Gage-02018000,0.30940567286250353,64.36355284728417,1.8725745989383817,0.24387096832067454,POINT (-80.1843 37.48406),8.0,2.0
Gage-02027000,0.07468217346835261,46.0586294756439,1.6840742842134298,0.17601913686502865,POINT (-79.02662 37.82809),12.0,2.0
Gage-02027500,0.7411679313434403,58.6501328279404,3.8806830123014597,0.34816442645930057,POINT (-79.10871 37.76551),12.0,2.0
Gage-02028500,0.017117438896284823,81.36396098542077,3.8968198260461735,0.25637050504174996,POINT (-78.86402 37.9313),3.0,2.0
Gage-02038850,0.010977536728832166,68.03706203021831,1.9310076735521526,0.3035598635860702,POINT (-78.66836 37.43049),3.0,2.0
Gage-02046000,0.012928886355835636,44.500630063371695,2.0,0.17203199714966808,POINT (-77.73643 37.09514),8.0,2.0
Gage-02051500,0.008573807471321072,55.99072783376708,2.0,0.29172016213437707,POINT (-78.21324 36.86531),8.0,2.0
Gage-02053200,0.0034792348386264403,82.64472407110334,2.0,0.10266248969732636,POINT (-77.24109 36.36082),8.0,2.0
Gage-02053800,0.03289493967963226,80.24857127333465,1.9811006416658223,0.1871484356266403,POINT (-80.25445 37.10785),12.0,2.0
Gage-02055100,0.08512826247104154,76.77417544374059,1.2037730635600297,0.29546252479860763,POINT (-79.93072 37.43629),11.0,2.0
Gage-02056900,0.06704500097035043,66.4376074962354,1.9932104829281876,0.10772866337209332,POINT (-80.00858 37.06031),8.0,2.0
Gage-02059500,0.026217241166645762,54.25756484763958,3.6341918165232157,0.13277656069747631,POINT (-79.65126 37.30298),8.0,2.0
Gage-02064000,0.04759337546048854,57.85256966434552,0.9151386611905432,0.35246549621291345,POINT (-78.97491 37.24936),8.0,2.0
Gage-02065500,0.3722739469963499,42.623425289167656,1.9863717455884644,0.12165008077466948,POINT (-78.76502 37.21614),8.0,2.0
Gage-02069700,0.13563599669075732,75.4492146872592,2.0,0.10222056300295951,POINT (-80.24892 36.62832),8.0,2.0
Gage-02070000,0.018155960767375082,43.969971080548376,2.0,0.09072632555171421,POINT (-80.07252 36.66006),8.0,2.0
Gage-02074500,0.06518289116658776,68.7102277653173,2.0005099873454757,0.09704150847395603,POINT (-79.60934 36.6951),8.0,2.0
Gage-02077200,0.0030848805802639063,38.44238383406765,2.0,0.13036303835508295,POINT (-79.22655 36.3001),8.0,2.0
Gage-02081500,0.001371580690142559,38.766502243857396,2.0,0.22368599574114317,POINT (-78.71923 36.30158),12.0,2.0
Gage-02082950,0.032793801354106464,70.11589570230225,2.0,0.0946202215190277,POINT (-77.94634 36.34491),3.0,2.0
Gage-02092500,0.08015036380820278,84.28120542352092,2.0,0.10200454621001659,POINT (-77.59285 35.04197),8.0,2.0
Gage-02096846,0.01150688484381866,59.21399234974596,2.0,0.2954033311853638,POINT (-79.18314 36.00844),12.0,2.0
Gage-02102908,0.017294321452238734,46.398723754758215,2.0,0.09389817895140827,POINT (-79.20346 35.15365),4.0,2.0
Gage-02108000,0.013586488668515929,51.48647244502375,2.0,0.09898919530545033,POINT (-77.93157 35.03089),5.0,2.0
Gage-02111180,0.1361710747270151,62.21604174325933,2.0,0.1765175732228403,POINT (-81.51122 36.15054),8.0,2.0
Gage-02111500,0.062196503864441095,42.02151362052032,2.0,0.10315474788808798,POINT (-81.27746 36.27627),8.0,2.0
Gage-02118500,0.050962859952323025,58.06690845516218,2.0,0.3088563039287582,POINT (-80.90133 36.08394),3.0,2.0
Gage-02128000,0.031934697966076446,77.34530543010344,2.0,0.16125437096786505,POINT (-79.83953 35.52624),12.0,2.0
Gage-02137727,0.0653644333311609,56.83276268643336,2.008148179501229,0.20188761857309762,POINT (-82.17798 35.63735),3.0,2.0
Gage-02140991,0.16053097429777455,46.984928542916236,2.0,0.2709294809694633,POINT (-81.72571 36.00279),8.0,2.0
Gage-02143000,0.10739893411786268,56.2799451284332,0.7045446778141419,0.1312256749853516,POINT (-81.57067 35.66546),8.0,2.0
Gage-02143040,0.06984530091618132,60.13902887547185,3.5195828829859384,0.09869770712605459,POINT (-81.62254 35.59558),3.0,2.0
Gage-02149000,0.07774894166146032,78.55630872834487,2.001865612539586,0.09460308844355343,POINT (-82.1143 35.51801),8.0,2.0
Gage-02152100,0.19253700346980906,50.24006204251012,3.7955731545175055,0.09865932600172575,POINT (-81.75365 35.54407),3.0,2.0
Gage-02177000,0.33424467430369975,47.9088463548821,2.0,0.3229068702574254,POINT (-83.20273 34.95726),8.0,2.0
Gage-02178400,0.3328943947347355,75.7179832567502,2.0,0.09718807035859424,POINT (-83.53256 34.95456),3.0,2.0
Gage-02193340,0.15654002279594642,39.26320578545486,2.0,0.10129314312467569,POINT (-82.91338 33.72247),8.0,2.0
Gage-02196000,0.0012802327699885496,61.61636138257241,2.0,0.10739186265510321,POINT (-82.07636 33.93154),12.0,2.0
Gage-02198100,0.12477547363464278,73.1608083202334,2.0,0.09583039636749652,POINT (-81.87391 32.96411),4.0,2.0
Gage-02202600,0.04592670951410358,77.64760835112408,2.0,0.10358746327847512,POINT (-81.63132 32.27786),4.0,2.0
Gage-02212600,0.011153579426515885,72.03658319814487,2.0,0.10449810660922647,POINT (-83.71004 33.17211),8.0,2.0
Gage-02215100,0.02271280480958581,96.15159232361647,2.0,0.18323411447038299,POINT (-83.68396 32.28677),4.0,2.0
Gage-02216180,0.0030974081631387103,77.40559189044612,2.0,0.11168667919453076,POINT (-83.02374 32.033),4.0,2.0
Gage-02221525,0.026688161675551388,53.45542783438706,2.0,0.1545308242242119,POINT (-83.63598 33.35787),8.0,2.0
Gage-02231000,0.09237573898487338,67.94294513547146,2.0,0.10077104031582687,POINT (-82.25822 30.39226),5.0,2.0
Gage-02245500,0.07145984697394649,59.73656507223014,2.0,0.10914036774419845,POINT (-81.87821 29.90454),5.0,2.0
Gage-02246000,0.0706597416798753,58.46958080437425,2.0,0.10899766305386022,POINT (-81.96393 30.14773),5.0,2.0
Gage-02296500,0.013719813493285464,82.52336647189922,2.0,0.16438313990365552,POINT (-81.62867 27.46053),5.0,2.0
Gage-02297155,0.0106535000423173,54.018910602651,2.0,0.0965582094063211,POINT (-82.04248 27.55556),5.0,2.0
Gage-02297310,0.00865465605911482,77.71401639711493,2.0,0.0954561000189861,POINT (-82.00091 27.40028),5.0,2.0
Gage-02298123,0.008363973475163199,81.64149196424678,2.0,0.331256164768125,POINT (-81.64642 27.11558),5.0,2.0
Gage-02298608,0.009937247084628063,78.37912885512822,2.0,0.29418257807325476,POINT (-82.13156 27.40547),5.0,2.0
Gage-02299950,0.008334268871818191,76.4684767742096,2.0,0.11090638681420946,POINT (-82.14564 27.54762),5.0,2.0
Gage-02300700,0.02521125677579482,54.638260825581916,2.0,0.23825976081238157,POINT (-82.31141 27.76227),5.0,2.0
Gage-02349900,0.19066688223842942,97.04623806732977,2.0,0.19904999491996983,POINT (-83.83836 32.24049),4.0,2.0
Gage-02350900,0.1303518777306273,71.08571114981093,2.0,0.1198170858790406,POINT (-84.50098 32.06963),4.0,2.0
Gage-02361000,0.07550546700134124,39.79986515314062,2.0,0.09228033104792253,POINT (-85.4648 31.5878),4.0,2.0
Gage-02363000,0.03016287678330692,44.76533280502459,2.0,0.10968017607174778,POINT (-85.65737 31.86853),8.0,2.0
Gage-02369800,0.20163945820011928,69.01563051116288,2.0,0.09961192103610168,POINT (-86.66848 31.08605),8.0,2.0
Gage-02371500,0.32731201500281476,40.39548723667895,2.0,0.09285396337989958,POINT (-85.98757 31.86585),8.0,2.0
Gage-02372250,0.06089131471180295,67.38599189370903,2.0,0.1306409827401845,POINT (-86.26075 31.85455),4.0,2.0
Gage-02374500,0.4653738483021554,62.1086107605285,2.0,0.09209445643936914,POINT (-87.04522 31.54226),8.0,2.0
Gage-02381600,0.08362183550484896,49.7827967988264,2.0,0.22119925375155336,POINT (-84.44773 34.58065),8.0,2.0
Gage-02384540,0.05306487465013932,47.128463498605015,2.0,0.2824816700878109,POINT (-84.67944 34.87645),3.0,2.0
Gage-02395120,0.05561739560392545,45.44670060219001,2.0,0.2938450071415826,POINT (-84.85154 34.29213),12.0,2.0
Gage-02415000,0.024250859924381127,39.19908685836306,2.0,0.10601917438572256,POINT (-85.8773 33.1761),8.0,2.0
Gage-02427250,0.012350305624441655,60.23015351026192,2.0,0.1366523015080331,POINT (-86.96174 31.87034),8.0,2.0
Gage-02430085,0.051357791954931814,49.55469331320464,2.0,0.13537909509445345,POINT (-88.24518 34.47513),8.0,2.0
Gage-02450250,0.12782090665194548,53.53120330587281,2.0,0.3438024798657819,POINT (-87.43027 34.34126),8.0,2.0
Gage-02464000,0.01246676896181748,60.527862417121035,2.0,0.33826605885843647,POINT (-87.61254 33.65248),12.0,2.0
Gage-02465493,0.26877768027123317,71.32142920920069,2.0,0.09985188959745818,POINT (-87.52709 32.96997),8.0,2.0
Gage-02469800,0.04317188978575411,31.22114151762153,2.0,0.10145240987720062,POINT (-87.90436 31.81058),8.0,2.0
Gage-02472000,0.0741222076539925,69.3984570870444,2.0,0.13402660462168606,POINT (-89.44991 32.04441),8.0,2.0
Gage-02472500,0.31763709658383066,68.81159969835069,2.0,0.10580577996972511,POINT (-89.65944 31.58678),8.0,2.0
Gage-02479155,0.00980629615252315,50.30623810416891,2.0,0.10363778711425879,POINT (-89.00637 31.09826),8.0,2.0
Gage-02479300,0.1413791641802436,61.17592918459626,2.0,0.25966445557815737,POINT (-89.16585 30.86789),8.0,2.0
Gage-02479560,0.03327943505923796,67.53998801595705,2.0,0.2754429112477314,POINT (-88.38732 31.15039),8.0,2.0
Gage-02481000,0.012210101884868044,58.599538143882185,2.0,0.0952682043773999,POINT (-89.20747 30.68013),8.0,2.0
Gage-02481510,0.02841729838343928,69.38373663241164,2.0,0.11888936187606527,POINT (-89.41421 30.76983),8.0,2.0
Gage-03010655,0.030928897940686626,65.02592856284338,3.935648288643161,0.34273374503328397,POINT (-78.05065 41.917),3.0,2.0
Gage-03011800,0.07595652240850935,69.93287809938454,3.8315075996281855,0.17073959020323537,POINT (-78.6213 41.77314),3.0,2.0
Gage-03015500,0.018456764174152637,65.80753905746133,3.9790935824647007,0.2379524011007942,POINT (-79.50262 41.92132),12.0,2.0
Gage-03021350,0.009792737322382124,81.94868761013367,3.5455883061654783,0.3515830635845643,POINT (-79.65858 42.08496),12.0,2.0
Gage-03026500,0.051843042839391604,62.134953071049146,3.7365996725534254,0.31354613265880527,POINT (-78.60745 41.66179),3.0,2.0
Gage-03028000,0.0520304277508506,62.56559308167342,3.73491438466524,0.3130640069971174,POINT (-78.70014 41.6411),3.0,2.0
Gage-03049000,0.005271098879218124,66.0937678195784,0.7598784530731976,0.3577929316758846,POINT (-79.69503 40.85365),12.0,2.0
Gage-03049800,0.0857112386588877,72.86266046423617,0.9307412710280102,0.1187230437301919,POINT (-79.92033 40.54501),12.0,2.0
Gage-03050000,0.008478164172635335,83.67851050656017,3.83658260901698,0.11315654949687655,POINT (-79.9917 38.63665),12.0,2.0
Gage-03069500,0.04578402520568548,73.98351208207806,3.697464227380275,0.3341586264000691,POINT (-79.61928 38.90714),12.0,2.0
Gage-03070500,0.023744546539957848,80.51297903900321,2.6026583906239713,0.0993584285291055,POINT (-79.61803 39.70254),12.0,2.0
Gage-03076600,0.051830941661860565,64.19419923206755,1.0894527024370007,0.26933941658329486,POINT (-79.32267 39.63308),3.0,2.0
Gage-03078000,0.0053863848485082725,77.80747916017144,3.3791668531672943,0.33231915135732365,POINT (-79.19674 39.64484),3.0,2.0
Gage-03140000,0.030735660920389273,52.48452477535845,0.7224643748256804,0.13680136125562037,POINT (-81.82219 40.41155),12.0,2.0
Gage-03144000,0.08126771651432523,65.46593781436968,1.3169351188512055,0.14967821762776884,POINT (-82.20653 40.22812),12.0,2.0
Gage-03170000,0.09501680308942574,74.83241510387991,1.0382430129215814,0.09355673947337244,POINT (-80.36053 36.96028),3.0,2.0
Gage-03173000,0.025068451741023703,55.131406258094735,0.6582350873491621,0.27844275089432796,POINT (-80.94939 37.15808),12.0,2.0
Gage-03180500,0.056915367947601055,61.17284435700416,3.903603366762098,0.3454266444703192,POINT (-79.7417 38.60639),12.0,2.0
Gage-03182500,0.05698057315546841,65.00322510405452,1.94444738654106,0.24373668458429468,POINT (-79.87662 38.39219),12.0,2.0
Gage-03186500,0.05456892166030786,81.5347089031846,1.81867177804155,0.259121204886405,POINT (-80.2816 38.32717),12.0,2.0
Gage-03237280,0.0173786461959458,70.0004159609697,1.6351700551078405,0.10743537092885942,POINT (-83.23609 38.6753),12.0,2.0
Gage-03237500,0.0175375381430087,65.18601320453345,2.001954544244919,0.13607634756488238,POINT (-83.51467 38.98767),12.0,2.0
Gage-03241500,0.02322644162261044,74.4238851212418,0.6235942731534865,0.281271788872217,POINT (-83.73149 39.75141),12.0,2.0
Gage-03280700,0.0149757508188486,53.7700730542612,2.0,0.0963308736681938,POINT (-83.24657 37.08573),12.0,2.0
Gage-03281500,0.018809473213438607,62.51992558106971,2.0,0.09265353642884426,POINT (-83.67779 37.18492),12.0,2.0
Gage-03285000,0.00633065051440844,65.97263430829344,2.0136897299221164,0.18665101884402238,POINT (-84.59942 37.50358),12.0,2.0
Gage-03291780,0.035334637328243185,47.93021685464135,1.196989436146744,0.18991146049090946,POINT (-85.28097 38.93342),12.0,2.0
Gage-03338780,0.012452109773290143,92.99573639788247,3.2012781968645996,0.21972108531791434,POINT (-87.57334 40.4083),12.0,2.0
Gage-03340800,0.010398554477008758,74.5403155548927,0.708517839825366,0.26331555744987095,POINT (-86.76077 39.9127),12.0,2.0
Gage-03346000,0.005144367130225532,61.33555527518399,3.0586784514913097,0.34369248183714535,POINT (-87.91749 39.26438),12.0,2.0
Gage-03364500,0.017117647766051205,87.01937526846534,1.780380254623709,0.12165107245199488,POINT (-85.49655 39.40363),12.0,2.0
Gage-03366500,0.022142171878212658,81.25598171841388,0.5626894345555559,0.09257981917925664,POINT (-85.47663 38.87915),12.0,2.0
Gage-03368000,0.0551745100437223,72.54887556912257,1.60850736136879,0.0971126699647604,POINT (-85.44026 39.09304),12.0,2.0
Gage-03384450,0.002796157223236253,58.98634633373954,2.0,0.2880873646110899,POINT (-88.52769 37.53076),12.0,2.0
Gage-03439000,0.27664356801231077,74.99655716180052,1.9986900319362781,0.11540143231102762,POINT (-82.89101 35.20181),3.0,2.0
Gage-03455500,0.08756813871505657,39.71124157848163,1.571361459682976,0.23580533176095297,POINT (-82.93173 35.34507),3.0,2.0
Gage-03456500,0.06467522135840324,76.42294339063056,1.9997550250975284,0.22296284912592604,POINT (-82.82776 35.4052),3.0,2.0
Gage-03460000,0.1666544015716377,61.52945255127099,2.0,0.11112401385029634,POINT (-83.12672 35.61913),3.0,2.0
Gage-03463300,0.07652076978860625,56.22764506697089,3.761497787356002,0.1625068492695098,POINT (-82.22239 35.77672),3.0,2.0
Gage-03471500,0.11911631886502409,77.17906141660869,2.0,0.1163012132804587,POINT (-81.48407 36.75424),12.0,2.0
Gage-03473000,0.06790489121913942,58.487945554681794,2.0,0.10664004888759471,POINT (-81.67994 36.65714),3.0,2.0
Gage-03479000,0.049752129045603166,78.63857002797448,2.0,0.19172179341995887,POINT (-81.76806 36.21826),3.0,2.0
Gage-03488000,0.14043461699643714,75.14485379781445,1.999458643315654,0.0929115500192587,POINT (-81.52858 36.97149),12.0,2.0
Gage-03498500,0.06178371373437516,66.30068166860637,2.0,0.10013023510140312,POINT (-83.7414 35.68465),3.0,2.0
Gage-03500000,0.4658963312830598,36.013584474430445,2.0,0.11039342104402149,POINT (-83.38489 35.02575),3.0,2.0
Gage-03504000,0.10756094888778502,46.885877640481084,2.0,0.09959053456603473,POINT (-83.55945 35.07389),3.0,2.0
Gage-03574500,0.00699121089648921,65.03237727133437,2.0,0.09514830533367549,POINT (-86.20704 34.87494),12.0,2.0
Gage-03592718,0.0347799349413997,70.53324790446824,2.0,0.2603731347792215,POINT (-88.25998 34.79907),8.0,2.0
Gage-03604000,0.2705192422292129,40.6959794050422,2.0,0.10858642616569679,POINT (-87.56998 35.4039),12.0,2.0
Gage-04015330,0.006482520930260663,53.83703876879789,2.8897734153582646,0.3525252124089437,POINT (-91.81157 47.04074),11.0,2.0
Gage-04024430,0.01111509290221419,71.53399899331706,3.9733956075208514,0.34844008863733744,POINT (-92.35951 46.49096),11.0,2.0
Gage-04027000,0.03031030956960167,68.10004078017444,0.7663853196552163,0.35656927927302157,POINT (-90.65961 46.34832),8.0,2.0
Gage-04040500,0.023919891320427294,61.44143869130814,3.5458941850657095,0.35785839386814783,POINT (-88.40539 46.57021),12.0,2.0
Gage-04043050,0.07917119114607603,45.00069500198051,3.688260733996954,0.35426398721036156,POINT (-88.35696 47.27758),5.0,2.0
Gage-04045500,0.07127202451249913,65.46748459879804,3.8237799604223643,0.3590979735632346,POINT (-85.35636 46.36934),0.0,2.0
Gage-04057510,0.00957868301139481,68.80529100623352,2.899168404072412,0.2951912536700453,POINT (-86.71963 46.11331),0.0,2.0
Gage-04057800,0.031740144419982116,44.18346145624839,3.965683640324268,0.34912792508854606,POINT (-87.90923 46.53925),12.0,2.0
Gage-04059500,0.004684686179790215,63.01855687877998,1.5102584144319844,0.34259632194963013,POINT (-87.60948 46.00745),8.0,2.0
Gage-04063700,0.7671659196314008,65.93356951208504,3.4342671279407693,0.13600423734357323,POINT (-88.66187 45.75714),8.0,2.0
Gage-04074950,0.022444035358494072,42.28644044711332,3.898487816575158,0.3500556277318868,POINT (-88.9448 45.44013),8.0,2.0
Gage-04105700,0.8397908470739446,64.74803456301056,3.0028345295957934,0.09623578597736016,POINT (-85.34681 42.42235),8.0,2.0
Gage-04115265,0.012682651928146441,88.93262753335937,1.3880007147452007,0.12509289848189198,POINT (-84.97807 43.32061),4.0,2.0
Gage-04122200,0.06425203609558965,61.39888699816623,2.9345671539782026,0.17491337925021763,POINT (-85.97828 43.57678),5.0,2.0
Gage-04122500,0.02736277359943461,41.298664794248715,1.1835011241721165,0.0922951095606628,POINT (-85.90229 43.83757),5.0,2.0
Gage-04127997,0.48928040408826845,34.93914160778246,2.955278296459764,0.12081373615409363,POINT (-84.66674 45.17807),4.0,2.0
Gage-04185000,0.013870206668040258,81.86454923914793,0.6922046727406741,0.09580841443261805,POINT (-84.34039 41.74268),12.0,2.0
Gage-04196800,0.1442311998507588,66.4548423575201,2.747503129714353,0.11364133761310237,POINT (-83.38813 40.72635),12.0,2.0
Gage-04197100,0.004591367870141377,88.35807555451484,1.261450147375587,0.17927915673745848,POINT (-82.89848 41.00882),12.0,2.0
Gage-04197170,0.005700057894448075,48.042412848334166,1.4999790986493418,0.19110055031949075,POINT (-83.03923 41.09424),12.0,2.0
Gage-04213000,0.02505341688076541,64.87928926927911,2.9586463673990475,0.11610375341886414,POINT (-80.42422 41.82698),12.0,2.0
Gage-04213075,0.0194119732930086,66.77127803559726,3.6662408599711793,0.248373611191139,POINT (-80.25421 42.00196),12.0,2.0
Gage-04216418,0.01697841958376163,86.58963657240251,2.890282693583736,0.12123347518878151,POINT (-78.29011 42.75192),12.0,2.0
Gage-04221000,0.3517482443258611,78.13897493463007,2.0331594238890855,0.3497755792769459,POINT (-77.83314 42.04271),12.0,2.0
Gage-04224775,0.047274900531627605,55.12654210252965,3.927136442084443,0.17948124851562305,POINT (-77.81241 42.48247),12.0,2.0
Gage-04256000,0.04652893178653989,44.658610021215374,1.5521688773263433,0.26450470729638487,POINT (-75.13987 43.80078),8.0,2.0
Gage-04296000,0.1805319287896851,71.5512501967523,3.71200331203058,0.3595043114881147,POINT (-72.33451 44.73579),12.0,2.0
Gage-05057200,0.024146677727996536,67.99197423778811,0.8092740583380983,0.3255828796282344,POINT (-98.4633 47.38532),3.0,2.0
Gage-05120500,0.006702575608771258,77.28282493260926,1.5394773241279749,0.3253534599448464,POINT (-100.52493 47.91088),3.0,2.0
Gage-05291000,0.06134518789767645,83.65908706211094,3.3668497968174056,0.11339292160715679,POINT (-96.82433 45.3101),2.0,2.0
Gage-05362000,0.01785989598747329,52.7061701018123,0.7784785408750833,0.3567315683781648,POINT (-90.42755 45.46055),12.0,2.0
Gage-05393500,0.009379140623228489,38.057415594364215,0.8779953626690543,0.35722507277521476,POINT (-90.10102 45.44003),8.0,2.0
Gage-05399500,0.4534837595028108,47.878709179596285,0.844671710746414,0.2778623402566349,POINT (-90.21284 44.93566),12.0,2.0
Gage-05408000,0.20487185407348593,66.87212115765732,2.6824759159363856,0.23574882280201068,POINT (-90.57475 43.7423),12.0,2.0
Gage-05413500,0.15298936410124242,86.88076539635628,3.690707660818221,0.11390033911867643,POINT (-90.83821 42.86026),12.0,2.0
Gage-05414000,0.6469375242983156,76.99815020928315,2.0974528160517725,0.13093226051416143,POINT (-90.57086 42.86922),12.0,2.0
Gage-05444000,0.11745636657864517,48.303512927735504,3.4971251533214964,0.29726570950243464,POINT (-89.66494 42.01625),12.0,2.0
Gage-05454000,0.039296649728591176,59.31928212656063,3.3995211575326945,0.24469410190618357,POINT (-91.43576 41.72616),12.0,2.0
Gage-05458000,0.07738160579421195,49.9819794469477,3.984921600355925,0.14716205201275315,POINT (-92.67934 43.34699),3.0,2.0
Gage-05466500,0.19146051722077856,104.62360284389509,1.2154356129029045,0.09214141479376321,POINT (-90.44661 41.25057),12.0,2.0
Gage-05487980,0.06589548984317,42.141425458982866,2.4017746755203273,0.19113906316038096,POINT (-93.48353 41.07717),12.0,2.0
Gage-05488200,0.01902218935745658,50.390802120916476,3.162299159297244,0.10871950814453922,POINT (-93.18416 41.20208),12.0,2.0
Gage-05489000,0.28205049717400793,60.38293491484174,1.3716635556208199,0.2630490297943847,POINT (-93.01767 41.05913),12.0,2.0
Gage-05495000,0.014716230597569838,45.099347166107634,1.7012287173624472,0.178589338369523,POINT (-92.1206 40.62587),3.0,2.0
Gage-05495500,0.008312350873088348,67.02670739552813,1.807425352968785,0.31538520307211926,POINT (-91.19345 40.20244),12.0,2.0
Gage-05501000,0.015440663499914412,52.315483838979645,0.8822867134275367,0.21819932945221135,POINT (-91.85982 39.81869),12.0,2.0
Gage-05503800,0.09416747371007109,48.09852622556548,0.9907413288190717,0.1565085923093463,POINT (-92.13309 39.66386),12.0,2.0
Gage-05507600,0.04051083910043904,78.76405859844445,0.7992656043673334,0.1663289923181728,POINT (-91.66963 39.3216),12.0,2.0
Gage-05508805,0.006449440394958361,71.13175911524148,0.6653686654842085,0.10057061990738213,POINT (-91.46657 39.41802),12.0,2.0
Gage-05525500,0.1280229840628962,68.76597897080327,0.7187438094132151,0.3044908079297085,POINT (-87.69909 40.56901),12.0,2.0
Gage-05556500,0.016325855059303732,78.9606135589252,3.6471360576306786,0.13523941327020364,POINT (-89.29558 41.55567),12.0,2.0
Gage-05584500,0.011487272645379028,84.92735051074736,0.7197768057437725,0.31159241934028425,POINT (-90.88143 40.49562),12.0,2.0
Gage-05591550,0.2656888214246662,100.78972213346393,3.7220656441015176,0.34698116603050433,POINT (-88.43897 39.50988),12.0,2.0
Gage-05592050,0.009426388539589586,92.35183660895633,2.8107345879663437,0.33409729891020823,POINT (-88.88066 39.47326),12.0,2.0
Gage-05592575,0.0050563141087190885,87.3932157186731,2.0,0.3515638904174718,POINT (-88.86565 38.95564),12.0,2.0
Gage-05593575,0.0075168392990889845,50.48838580943286,2.0,0.2977386306877899,POINT (-89.3658 38.38621),12.0,2.0
Gage-05593900,0.004545057423700388,78.63616899662111,1.6384334517343893,0.13625095885731828,POINT (-89.32379 39.24096),12.0,2.0
Gage-05595730,0.013479199630917824,57.717041434002354,2.0,0.1006826640589265,POINT (-89.10923 38.33481),12.0,2.0
Gage-06221400,0.25667773269005406,55.854505623418405,0.6546696331849733,0.09294353932582859,POINT (-109.57356 43.27801),0.0,2.0
Gage-06224000,0.24873131446194274,58.704135863248084,1.5941095172682689,0.09771340972676504,POINT (-109.42326 43.08602),0.0,2.0
Gage-06278300,0.1196733395487177,55.371877001708285,3.5763654205140205,0.10640156184838633,POINT (-107.34573 44.49079),8.0,2.0
Gage-06280300,0.5306390956013542,52.72898434313867,3.2189500216907025,0.09438089966382515,POINT (-109.66937 44.02544),3.0,2.0
Gage-06289000,0.09902709687119975,32.67433233227605,2.215410076432341,0.15375049999603965,POINT (-107.70408 44.88307),3.0,2.0
Gage-06311000,0.08867800905855375,62.25974355939186,2.8726866980204417,0.09938107263824952,POINT (-107.08611 44.09419),8.0,2.0
Gage-06332515,0.033663954677371016,33.57019179211334,3.1684638658831985,0.10950215686344118,POINT (-102.83901 47.74909),3.0,2.0
Gage-06339100,0.017633313281956983,59.4142172176812,0.6277953359725947,0.14005858139417873,POINT (-103.00956 47.27559),12.0,2.0
Gage-06344600,0.010184773458975442,35.48791460063341,1.9980794143674896,0.291164413480506,POINT (-103.18072 47.08057),12.0,2.0
Gage-06350000,0.03135608355721765,82.11925336329362,2.0,0.2606177019521892,POINT (-102.93482 46.50567),12.0,2.0
Gage-06352000,0.006837934789121111,46.60505927247645,2.010351966333335,0.2084680314839604,POINT (-102.95035 46.28588),3.0,2.0
Gage-06404000,0.09351001972448551,35.12327776838955,3.4986159916705266,0.0936788303477124,POINT (-103.44596 43.8806),3.0,2.0
Gage-06406000,0.3428314652507489,31.4271670999006,2.574047501429233,0.0919618381282411,POINT (-103.38353 43.84779),3.0,2.0
Gage-06409000,0.06620352118561358,53.829756579422984,3.844863633107901,0.09365145952968333,POINT (-103.8816 44.0179),12.0,2.0
Gage-06431500,0.39625768779501686,35.41979373441866,3.6907220143838875,0.09511741096821724,POINT (-103.92124 44.30712),3.0,2.0
Gage-06440200,0.005951448142524681,34.40160865943485,2.0,0.09817623264476677,POINT (-101.9572 43.86969),12.0,2.0
Gage-06447500,0.0051415125516906975,77.10660878188666,2.0,0.23796429931091478,POINT (-101.97741 43.11077),12.0,2.0
Gage-06470800,0.036631287321566085,83.02724570942836,0.6582703815019325,0.34508180087074763,POINT (-98.14881 46.53032),3.0,2.0
Gage-06477500,0.00356119065438105,90.22846696278786,1.3588411220192116,0.3211584060554582,POINT (-98.52748 43.83596),3.0,2.0
Gage-06479215,0.4103747882706156,46.11459989856194,2.8814380768922185,0.1203926446457758,POINT (-97.14514 45.26566),12.0,2.0
Gage-06601000,0.2587532501582536,76.87455571118893,0.6696504311098467,0.3501562797963231,POINT (-96.54116 42.21661),12.0,2.0
Gage-06614800,0.1521313073269543,47.221662861579226,0.6892527769155412,0.3146620566872915,POINT (-105.87174 40.48575),8.0,2.0
Gage-06622700,0.49313498160612507,47.284562098233756,3.3755033592320394,0.2121854488107086,POINT (-106.45331 41.39968),8.0,2.0
Gage-06623800,0.7018059227473805,59.12672972382236,3.2248649947014902,0.17198181567087745,POINT (-106.75427 40.96984),8.0,2.0
Gage-06632400,0.35718234779003827,32.05728157173033,0.7333393586162706,0.11093086456575832,POINT (-106.23563 41.47127),8.0,2.0
Gage-06746095,0.7219799027265248,66.44553309239078,3.0993309091088466,0.1103642136217347,POINT (-105.88476 40.52941),8.0,2.0
Gage-06803510,0.7155522352418598,43.9230828962557,1.070827129901752,0.15723287820869422,POINT (-96.7152 40.95361),2.0,2.0
Gage-06803530,0.5115119841834036,57.22992350225792,2.074394831096307,0.0927946445654448,POINT (-96.6707 41.06547),11.0,2.0
Gage-06814000,0.009503446826459367,58.514483444711395,1.7243260700048995,0.2134232735929324,POINT (-96.2556 40.08843),2.0,2.0
Gage-06847900,0.010255035540806732,47.86561272093148,2.0,0.2008702484278349,POINT (-100.5942 39.60205),12.0,2.0
Gage-06853800,0.13375345460693683,68.58050353465153,2.0,0.09765685770835988,POINT (-98.46654 39.911),12.0,2.0
Gage-06876700,0.19329857419046167,51.43724312041781,2.0,0.29101803109756086,POINT (-98.0959 39.21838),12.0,2.0
Gage-06878000,0.1103063116637578,81.1344899758516,2.0,0.1672995957533559,POINT (-97.27578 39.19349),11.0,2.0
Gage-06879650,0.0560837441080922,39.21506328953469,2.0,0.15018630942247907,POINT (-96.57892 39.09235),11.0,2.0
Gage-06885500,0.37079639922679924,95.19495645805279,2.7800920624912515,0.12404023728554622,POINT (-96.31728 39.77304),2.0,2.0
Gage-06888500,0.05695878326910329,42.924045699475386,2.0,0.1512863565629946,POINT (-96.31369 38.95412),11.0,2.0
Gage-06889200,0.04831053989795959,81.70790145724825,2.00062705236297,0.3457113910320436,POINT (-95.91898 39.40967),2.0,2.0
Gage-06889500,0.07742705995533747,84.53896707470763,2.0014411003414865,0.2639514995325535,POINT (-95.86072 39.32148),2.0,2.0
Gage-06892000,0.022317710157142873,65.1394755557852,2.0021201522655048,0.3043598747056015,POINT (-95.18342 39.34979),11.0,2.0
Gage-06903400,0.0042613075656789765,45.82187463286162,0.7511920258083233,0.3281445188970524,POINT (-93.44752 40.91745),12.0,2.0
Gage-06906800,0.054758296260070054,48.01347174324598,2.0,0.3498462820635535,POINT (-93.13386 38.56512),12.0,2.0
Gage-06910800,0.05388678364770658,37.58251315494287,2.0,0.10140375389221645,POINT (-96.08729 38.69901),11.0,2.0
Gage-06911900,0.035003277056526116,67.24561811985267,2.0,0.1245418176387223,POINT (-95.97568 38.78887),11.0,2.0
Gage-06917000,0.009981243159273786,67.50987173157233,2.0,0.09305318559776724,POINT (-94.97615 38.01957),11.0,2.0
Gage-06918460,0.15651132194152992,45.92537464188528,2.0,0.2513910952825338,POINT (-93.73992 37.2418),12.0,2.0
Gage-06919500,0.00506022293498565,48.95663462617967,3.918620285057797,0.340127432724136,POINT (-93.99149 37.64113),12.0,2.0
Gage-06921070,0.020123802070245743,49.04222534782594,2.0,0.34782077844471804,POINT (-93.18724 37.46792),12.0,2.0
Gage-06921200,0.1025162461682236,43.60492612064943,2.0,0.35167276722319407,POINT (-93.18296 37.68839),12.0,2.0
Gage-07057500,0.22958704026841872,36.688805822336185,2.001616861643684,0.11111235139014175,POINT (-92.10894 36.85725),12.0,2.0
Gage-07060710,0.034353882916313916,41.134426796733976,2.0,0.16139014563797838,POINT (-92.28132 36.04117),8.0,2.0
Gage-07066000,0.19397417793980018,73.91868946045916,2.797623158579218,0.18092085283252649,POINT (-91.65536 37.0933),12.0,2.0
Gage-07083000,0.9044486930994401,49.130680350842624,2.9778753802065427,0.09301903136786223,POINT (-106.45968 39.15028),8.0,2.0
Gage-07142300,0.006070105525640982,99.025899513343,2.0,0.24872972509673894,POINT (-99.2974 37.68284),12.0,2.0
Gage-07145700,0.05454386582060104,66.65949374966728,2.0,0.10242585357755851,POINT (-97.5656 37.37125),12.0,2.0
Gage-07167500,0.05223859521743808,54.06945692764793,2.0,0.3120581791108006,POINT (-96.37992 37.67957),11.0,2.0
Gage-07180500,0.12133164383295175,32.87324661899418,2.0,0.28307461637664433,POINT (-96.77742 38.13105),11.0,2.0
Gage-07184000,4.620132934132082e-05,50.50219243057721,2.0,0.12999342703033953,POINT (-94.91913 37.4319),12.0,2.0
Gage-07195800,0.5106236106471783,52.89571582768933,2.0,0.2403352849946392,POINT (-94.40074 36.28178),12.0,2.0
Gage-07196900,0.08439428748703766,42.3962169627023,2.0,0.09335737666499966,POINT (-94.42183 35.88244),8.0,2.0
Gage-07197000,0.2260898728783631,40.37922965009623,2.0,0.09392910501834796,POINT (-94.59373 35.92054),12.0,2.0
Gage-07208500,0.5234231483986517,64.7020798498563,3.850885535814362,0.10104912111281544,POINT (-105.12278 36.39679),8.0,2.0
Gage-07261000,0.014582346833675321,43.17661700681643,2.0,0.21152482436998674,POINT (-92.25418 35.41851),8.0,2.0
Gage-07263295,0.010914411347433931,59.19795385687994,2.0,0.2075051325966681,POINT (-92.84509 34.89321),3.0,2.0
Gage-07291000,0.021555228958032947,46.659939088328095,2.0,0.11098095512490667,POINT (-90.71334 31.65003),8.0,2.0
Gage-07299670,0.044548479485949706,72.6522203992241,2.0,0.14410296499184816,POINT (-99.96767 34.36296),2.0,2.0
Gage-07301410,0.11144922558717849,61.21881344092914,2.0,0.19775622504799337,POINT (-100.36455 35.51673),5.0,2.0
Gage-07315200,0.002653599594508802,55.663792770606356,2.0,0.22299757701665385,POINT (-98.12063 33.6511),8.0,2.0
Gage-07315700,0.002023361155280855,41.96548574087021,2.0,0.09672458196763298,POINT (-97.72738 34.24329),3.0,2.0
Gage-07335700,0.025867194473991023,40.20309535909751,2.0,0.10420737425291947,POINT (-94.5461 34.64761),3.0,2.0
Gage-07340300,0.02066579814908039,47.70306491543821,2.0,0.18385087100594869,POINT (-94.17029 34.42473),12.0,2.0
Gage-07346045,0.10389686393609197,69.50881736012343,2.0,0.09330916160672252,POINT (-94.52671 33.01187),5.0,2.0
Gage-07359610,0.060546799911226815,43.251620234569074,2.0,0.12213894382814357,POINT (-93.70034 34.44378),3.0,2.0
Gage-07362100,0.06765879300205918,69.16740926821251,2.0,0.09235045279655492,POINT (-92.98727 33.38465),8.0,2.0
Gage-07362587,0.016000138837939534,51.87966391806511,2.0,0.1332775923184651,POINT (-92.99225 34.80462),3.0,2.0
Gage-07375000,0.27964358309099646,56.163465259382065,2.0,0.09914169770243086,POINT (-90.26352 30.77443),8.0,2.0
Gage-08013000,0.24371833249791963,43.729347238521456,2.0,0.11607656604484004,POINT (-92.94477 31.22562),8.0,2.0
Gage-08014500,0.6917820496836506,36.88771414274419,2.0,0.09074757432577528,POINT (-92.98258 30.94477),12.0,2.0
Gage-08023080,0.0018882188688965126,71.72385274494495,2.0,0.10370471995563718,POINT (-93.85781 32.04207),8.0,2.0
Gage-08050800,0.009049428092877345,56.58069567811697,2.0,0.10933139542324911,POINT (-96.98462 33.62622),8.0,2.0
Gage-08066200,0.01023018645150556,70.00743520296129,2.0,0.09434678977067582,POINT (-94.90495 30.83703),8.0,2.0
Gage-08066300,0.041780061444079857,33.053729334555776,2.0,0.09073964192633126,POINT (-94.77758 30.60494),8.0,2.0
Gage-08070000,0.11726706616960952,70.10744460232056,2.0,0.09069444629978075,POINT (-95.29394 30.58203),8.0,2.0
Gage-08070200,0.1130579532311231,67.98417115864567,2.0,0.09067682430343867,POINT (-95.26521 30.5275),8.0,2.0
Gage-08082700,0.005257931671646572,75.27353521346966,2.0,0.1861303603162839,POINT (-99.58218 33.27999),2.0,2.0
Gage-08086212,0.009656093382359135,57.92109647047874,2.0,0.10484903317579947,POINT (-99.29992 32.52923),2.0,2.0
Gage-08086290,0.006147053648944232,57.8137895181124,2.0,0.15139121168925987,POINT (-99.05131 32.47544),8.0,2.0
Gage-08101000,0.05396561128599694,57.03673024381862,2.0,0.2557618147713396,POINT (-98.15253 31.50683),2.0,2.0
Gage-08103900,0.11323465157909605,36.57483636071727,2.0,0.3342960742954194,POINT (-98.11479 30.91032),2.0,2.0
Gage-08104900,0.020212752447303188,43.88162404300086,2.0,0.1861830255074238,POINT (-97.97121 30.66586),2.0,2.0
Gage-08109700,0.018506470220404657,80.73415928666428,2.0,0.09071313916136542,POINT (-97.11498 30.41359),8.0,2.0
Gage-08150800,0.06056384483890423,55.925320375771676,2.0,0.2060246666407286,POINT (-99.1282 30.46542),1.0,2.0
Gage-08158700,0.006697286976331121,44.64007643437882,2.0,0.352906998298566,POINT (-98.12048 30.1453),2.0,2.0
Gage-08158810,0.009761769948021824,45.486593041094864,2.0,0.3495423149735813,POINT (-97.97222 30.16947),2.0,2.0
Gage-08164300,0.003391814839287612,82.71198236979228,2.0,0.29268729611850103,POINT (-96.91521 29.64917),5.0,2.0
Gage-08164600,0.005922460475584434,73.76666619238428,2.0,0.1135461246901283,POINT (-96.96964 28.95038),8.0,2.0
Gage-08165300,0.007463803534903755,47.299603594493945,2.0,0.09193360143861773,POINT (-99.5509 30.05147),1.0,2.0
Gage-08171300,0.19473826955184134,39.37581699056168,2.0,0.09975946918040347,POINT (-98.31502 30.04894),2.0,2.0
Gage-08175000,0.022307561406061705,68.78171544764687,2.0,0.1438357489750414,POINT (-97.66095 29.31199),8.0,2.0
Gage-08176900,0.10513719142051202,58.77441356880299,2.0,0.09121298347253909,POINT (-97.44086 28.95212),5.0,2.0
Gage-08178880,0.05124723124451658,55.72019532697985,2.0,0.3536477151407073,POINT (-99.31528 29.81589),1.0,2.0
Gage-08189500,0.0036724436165212777,65.96643471261899,2.0,0.09832332730885877,POINT (-97.6094 28.51445),7.0,2.0
Gage-08190000,0.3228796549321974,30.234625063590805,2.0,0.0919307273400037,POINT (-100.02904 29.79795),1.0,2.0
Gage-08190500,0.015367685869637902,55.69434895575623,2.0,0.24894190821779172,POINT (-100.34543 29.78435),3.0,2.0
Gage-08194200,0.006125365935257663,56.28271110219067,2.0,0.15167457090691328,POINT (-99.10959 27.75367),1.0,2.0
Gage-08195000,0.5595653335518402,27.51875931854942,2.0,0.09166738448995687,POINT (-99.72608 29.77502),1.0,2.0
Gage-08196000,0.057566753865927495,34.480935676423634,2.0,0.12141234557831222,POINT (-99.85071 29.61316),1.0,2.0
Gage-08198500,0.061030992008809966,50.92695768154579,2.0,0.26953085490617784,POINT (-99.5361 29.63586),1.0,2.0
Gage-08200000,0.0009537495362691834,59.19650186635577,2.0,0.1635104107178836,POINT (-99.29425 29.6567),1.0,2.0
Gage-08202700,0.004696419799705154,49.50338614777481,2.0,0.29730002373697473,POINT (-99.3681 29.54658),1.0,2.0
Gage-08267500,0.8873401457044972,33.07004408474039,3.480335985734435,0.33719751355693534,POINT (-105.4843 36.57883),8.0,2.0
Gage-08269000,0.18154026628660788,32.50062967112003,3.499397589136828,0.09695710701783383,POINT (-105.41104 36.46765),8.0,2.0
Gage-08271000,0.3759661565750025,45.303200505398465,3.777509628348161,0.2097964578221515,POINT (-105.46379 36.51731),8.0,2.0
Gage-08324000,0.3976867141019803,66.2166947930994,3.655021475257974,0.09350797792931058,POINT (-106.67371 35.89207),8.0,2.0
Gage-08377900,0.2193535201160805,67.04991973125192,3.4604217404289885,0.0944297847492408,POINT (-105.56471 35.8574),3.0,2.0
Gage-08378500,0.17877029355964866,67.30598682826187,3.5964974365601483,0.0943535163656765,POINT (-105.62717 35.84974),3.0,2.0
Gage-08380500,0.029837062650537063,46.38369273558279,0.7910182970395583,0.24201238359334956,POINT (-105.43926 35.72501),3.0,2.0
Gage-09035900,0.3318728512685015,63.76688300065838,2.0357404320089554,0.21099389334297058,POINT (-106.0091 39.73013),8.0,2.0
Gage-09047700,0.8467390540123173,63.51090831454301,2.071202659609061,0.0928042479095083,POINT (-105.94456 39.56378),8.0,2.0
Gage-09065500,0.6883747561158937,45.33815777097796,1.246223544677217,0.15902089441888642,POINT (-106.22102 39.63208),8.0,2.0
Gage-09066000,0.8459004669548298,57.091741827194745,1.2928820070546638,0.17227280596641964,POINT (-106.23261 39.57866),3.0,2.0
Gage-09066200,0.6081132804730132,51.56733897962423,1.8066812077539396,0.13658031148376412,POINT (-106.31259 39.67954),8.0,2.0
Gage-09066300,0.5805530157627727,54.04010256163562,1.9947410587565173,0.12821486900322682,POINT (-106.35886 39.67818),8.0,2.0
Gage-09081600,0.4113120509123919,32.281552645340945,3.1876316024184406,0.3491039890260437,POINT (-107.18846 39.10714),3.0,2.0
Gage-09107000,0.1300955816916886,61.89142500617029,2.872202350494104,0.09262448557626612,POINT (-106.62829 38.95066),8.0,2.0
Gage-09210500,0.14277341466426002,48.77171778507478,0.579939249981455,0.3299200084403975,POINT (-110.54558 42.18357),3.0,2.0
Gage-09223000,0.3612557492408919,62.45982920969615,2.8880058936229727,0.09467871314009507,POINT (-110.72223 42.23443),3.0,2.0
Gage-09306242,0.08737996186260806,59.063974301556534,3.2308574240958166,0.2337149268404777,POINT (-108.54592 39.89544),3.0,2.0
Gage-09312600,0.06359414983550801,69.2787908754701,1.0503329566722703,0.33994714881154614,POINT (-111.04445 39.94972),3.0,2.0
Gage-09352900,0.22283489363015557,23.23617254624706,3.1121159940965883,0.12722013371581795,POINT (-107.53186 37.59993),3.0,2.0
Gage-09378170,0.6250913493804154,69.25122311847271,3.894195515400021,0.09273931355400687,POINT (-109.4215 37.83662),3.0,2.0
Gage-09386900,0.017404576719163727,66.56469209493265,3.1619056658124434,0.15580154333721108,POINT (-108.47239 35.32126),3.0,2.0
Gage-09404450,0.4624547997362388,64.03315971613813,1.3933192108980592,0.11171880967091044,POINT (-112.586 37.41291),3.0,2.0
Gage-09430600,0.05959846827950271,65.76631952248489,3.3160533877557015,0.09676695313386288,POINT (-108.59094 33.2252),3.0,2.0
Gage-09447800,0.3757100243111842,49.709652744429256,2.0,0.2676175665794919,POINT (-109.69413 33.14117),2.0,2.0
Gage-09484600,0.011587110089825402,54.17642597055904,2.0,0.1466514019172646,POINT (-110.6011 31.86758),3.0,2.0
Gage-09492400,0.3361000185214364,58.737467471723505,1.8414570411460087,0.3570806144587495,POINT (-109.70757 33.86829),8.0,2.0
Gage-09494000,0.3312433954636396,65.6305063218297,1.8341141123195814,0.27884909046818096,POINT (-109.83754 33.92041),8.0,2.0
Gage-09497980,0.11461768538183108,63.84809703480564,2.0005261871952307,0.09101530321137477,POINT (-110.88509 34.03231),8.0,2.0
Gage-09505350,0.3368740762838853,65.60048893531814,3.594052172789962,0.11029410167420045,POINT (-111.61534 34.82415),3.0,2.0
Gage-09505800,0.051147608168616465,65.20271042481178,3.931582143193464,0.09379815739631604,POINT (-111.42759 34.59887),3.0,2.0
Gage-09508300,0.00673698095597465,27.80804744050604,2.0,0.25131333200725336,POINT (-111.58172 34.17229),8.0,2.0
Gage-09510200,0.036151603892460846,56.05264912890891,2.0,0.1729982531439476,POINT (-111.47289 33.81381),8.0,2.0
Gage-09512280,0.029303160198960027,54.43892578087017,2.0,0.09665937659055694,POINT (-111.8852 33.95865),8.0,2.0
Gage-09513780,0.04865352450719106,54.35307491760517,2.0,0.28570791135699414,POINT (-111.98727 34.01047),8.0,2.0
Gage-10234500,0.287821564592903,69.32220634443185,3.670620687766565,0.09808115040767655,POINT (-112.43792 38.28442),3.0,2.0
Gage-10244950,0.29152344106002676,65.72520807091604,0.6918469823357235,0.28502158332279187,POINT (-114.67992 39.23253),3.0,2.0
Gage-10259000,0.0037057679606224163,56.23753080802438,1.9855172510781485,0.1183218655170597,POINT (-116.59863 33.76269),8.0,2.0
Gage-10336645,0.21057134720421833,33.379430318047696,2.5341457164049914,0.2655747925683883,POINT (-120.16849 39.02197),8.0,2.0
Gage-10336660,0.20470890183260637,53.66688879711095,0.8255033165801667,0.33887747109011057,POINT (-120.20516 39.09663),8.0,2.0
Gage-10343500,0.01688029599826988,69.29922553777156,3.174487487816271,0.2168276314438085,POINT (-120.27148 39.42957),8.0,2.0
Gage-11124500,0.4686430016074193,54.720341194163105,2.0,0.3113882904764422,POINT (-119.78728 34.65655),3.0,2.0
Gage-11141280,0.05592233247072844,66.48729278902371,2.0,0.10640152352744205,POINT (-120.52704 35.27825),2.0,2.0
Gage-11143000,0.11274333789779349,34.3416239489327,2.0,0.2693192404946726,POINT (-121.68131 36.24347),8.0,2.0
Gage-11148900,0.004967486610401983,31.805163586058494,2.0,0.30217172474099024,POINT (-121.27133 35.90448),2.0,2.0
Gage-11151300,0.0027933825541426823,45.0403060920807,2.0,0.19873656646793797,POINT (-120.8604 36.26131),2.0,2.0
Gage-11176400,0.02312413266645313,42.75468185765019,2.0,0.1021754719528234,POINT (-121.5492 37.4268),3.0,2.0
Gage-11264500,0.03584690969396239,56.64780929636977,1.33673390040779,0.09167686520383793,POINT (-119.42502 37.70889),0.0,2.0
Gage-11266500,0.03612658937243965,59.0889713837575,1.3401857894917855,0.09181328673439021,POINT (-119.48658 37.73825),0.0,2.0
Gage-11284400,0.10993723660985331,64.98917894851557,2.2348846627419405,0.11266542802220295,POINT (-120.14274 37.81537),3.0,2.0
Gage-11381500,0.5202489148289543,59.67283945001778,2.534345275352949,0.3206689073893079,POINT (-121.67376 40.23865),3.0,2.0
Gage-11451100,0.05531790569771228,52.99261497473871,2.0120926029168187,0.17210736399465307,POINT (-122.72945 39.19985),3.0,2.0
Gage-11468500,0.04431549196358889,32.023041163834094,2.0,0.10134300245542362,POINT (-123.56776 39.43312),3.0,2.0
Gage-11473900,0.09135953599003063,48.4842015600233,3.550302951777066,0.22207305368411534,POINT (-123.0736 39.78906),3.0,2.0
Gage-11475560,0.01673721745801165,29.681408253527852,2.0,0.10348783057943377,POINT (-123.60395 39.71402),3.0,2.0
Gage-11476600,0.10458677578418245,37.55549971193677,2.0,0.09107459706693098,POINT (-124.02728 40.31625),3.0,2.0
Gage-11478500,0.034752672137828275,30.48142450914836,0.9538897022015695,0.3451204060904185,POINT (-123.63329 40.42245),3.0,2.0
Gage-11480390,0.04462120429785375,55.17236355694572,3.951632176781791,0.09148546171213742,POINT (-123.24386 40.19288),3.0,2.0
Gage-11481200,0.0868701291145672,56.05601409620809,2.0,0.11063605353272843,POINT (-123.99714 41.02266),2.0,2.0
Gage-11482500,0.354893300595875,40.445502979760384,2.4065191660405936,0.23024170479933684,POINT (-123.89077 41.06113),2.0,2.0
Gage-11522500,0.20480056211932046,52.0814505406578,2.0154728814616965,0.24430383700160346,POINT (-123.19039 41.29337),3.0,2.0
Gage-11523200,0.6532560553348534,67.34912141508873,3.679695907880239,0.35315427560143364,POINT (-122.64033 41.22828),8.0,2.0
Gage-11528700,0.3172822555109742,64.7345756915461,3.9270614984824403,0.10055933084523315,POINT (-123.23007 40.47025),8.0,2.0
Gage-11532500,0.4359745290783742,33.17692542599743,2.001573019530425,0.26161999683512904,POINT (-123.86791 41.82748),2.0,2.0
Gage-12010000,0.08157338731674783,60.741152994318426,2.0,0.34941671148769765,POINT (-123.6762 46.46081),12.0,2.0
Gage-12013500,0.13673988476909246,62.572650757849296,2.0,0.1063951552547867,POINT (-123.55386 46.56312),12.0,2.0
Gage-12020000,0.06486004398136441,67.41026531812663,2.0,0.1619151822443886,POINT (-123.30769 46.50506),12.0,2.0
Gage-12025700,0.14609526802583153,32.27209614902069,2.6196186155630574,0.1445128093542238,POINT (-122.53443 46.7305),12.0,2.0
Gage-12035000,0.2967631125272274,55.80819264803381,2.0193429229982254,0.19442391962669484,POINT (-123.46073 47.22589),12.0,2.0
Gage-12040500,0.08658472277658143,30.041755734148662,0.5599117085026557,0.17938552362009907,POINT (-124.00019 47.64279),4.0,2.0
Gage-12041200,0.18430023200060586,45.3126330765264,0.9409302984014501,0.2158677918360474,POINT (-123.90702 47.81638),4.0,2.0
Gage-12048000,0.17495340787944585,57.39427122516435,0.633344934561977,0.15217901780451618,POINT (-123.1907 47.89068),4.0,2.0
Gage-12054000,0.04975674650320554,33.695757504045176,3.6349650794492634,0.22806713864873093,POINT (-123.18342 47.66744),12.0,2.0
Gage-12056500,0.07279347450555912,31.75012703728519,3.7478621848218823,0.28769931487781575,POINT (-123.37884 47.55524),12.0,2.0
Gage-12073500,0.47837698775347387,53.6021684137038,2.0,0.2828543898698093,POINT (-122.70479 47.42608),8.0,2.0
Gage-12082500,0.12191549336102729,32.00778067427725,3.842332473812565,0.09548350261650602,POINT (-121.90131 46.74625),4.0,2.0
Gage-12092000,0.05399293257854788,27.52018988264419,2.866999577197701,0.09703167594388484,POINT (-121.90561 46.86965),4.0,2.0
Gage-12114500,0.028923950965338466,68.87089771837655,3.6185452113760905,0.09438072670091589,POINT (-121.49688 47.31609),4.0,2.0
Gage-12115000,0.04908948214972736,66.01254225248195,2.215125506945839,0.10797347861418251,POINT (-121.53458 47.32836),4.0,2.0
Gage-12117000,0.07147441014687635,59.51469224287738,2.0691277363971063,0.10324372411583568,POINT (-121.78525 47.36518),4.0,2.0
Gage-12143600,0.6316109833616507,44.759145504445144,3.7300658778519087,0.0955835245874922,POINT (-121.54207 47.41115),8.0,2.0
Gage-12144000,0.26425950340160653,57.502769969910446,3.302295152249293,0.09568025469328696,POINT (-121.58986 47.42084),8.0,2.0
Gage-12145500,0.05589942674699461,66.66412890878344,0.7386226864097427,0.09551163532548775,POINT (-121.88298 47.48509),3.0,2.0
Gage-12147500,0.12903593122220716,30.36334253972121,0.7712331991314607,0.09792814849165636,POINT (-121.67296 47.74545),4.0,2.0
Gage-12167000,0.7721435766414441,55.39281276490579,2.390596365896096,0.0972206946559741,POINT (-121.79333 48.30477),4.0,2.0
Gage-12175500,0.26229484547414234,25.814494562813564,0.530399207332943,0.35527179828385475,POINT (-121.03261 48.57632),4.0,2.0
Gage-12178100,0.2935664515263466,43.70308110417811,0.5425805501270904,0.26857084023147876,POINT (-121.21905 48.61417),4.0,2.0
Gage-12186000,0.2913132136282861,62.38067524528021,0.9767935469837752,0.22647021549049828,POINT (-121.33279 48.0522),4.0,2.0
Gage-12189500,0.40681307674419076,44.538357652604255,1.0184229722714535,0.26235301321229004,POINT (-121.30544 48.19837),4.0,2.0
Gage-12375900,0.1411931323929745,58.18284208840995,0.5681287384441761,0.3312836761015458,POINT (-113.95571 47.51015),12.0,2.0
Gage-12377150,0.1844005587653604,25.001495889585,1.1696169601413586,0.10559936765906876,POINT (-113.92516 47.33686),0.0,2.0
Gage-12381400,0.3870613267147167,67.19792628552025,2.0019634055566824,0.15250993077993885,POINT (-113.79674 47.13612),12.0,2.0
Gage-12390700,0.36108284873698426,53.362477295426125,1.9149681530713991,0.23767720143143536,POINT (-115.51775 47.54662),3.0,2.0
Gage-12411000,0.09552656136864376,59.35125514423571,3.9400262086513704,0.24746535802185246,POINT (-116.20144 47.88082),12.0,2.0
Gage-12447390,0.588212370502211,54.46410410979207,3.631486183426544,0.2562705757776858,POINT (-120.17706 48.87455),3.0,2.0
Gage-12451000,0.09438171836340763,24.038902357647284,0.5677054439304581,0.3081068589257101,POINT (-120.85942 48.39009),8.0,2.0
Gage-12488500,0.2952206761795128,66.02942201179827,2.932264077407361,0.10489352871711739,POINT (-121.37304 46.91894),4.0,2.0
Gage-13011500,0.7319161446325229,57.9162647652604,1.1085667579858152,0.34951846486531746,POINT (-110.35561 43.988),3.0,2.0
Gage-13011900,0.19278214825651493,31.856391167926922,2.7605103458843447,0.16736184922556346,POINT (-110.10773 43.87215),3.0,2.0
Gage-13018300,0.0796909784966767,64.46476596432548,2.360675232993026,0.2176852470482337,POINT (-110.65675 43.44024),3.0,2.0
Gage-13023000,0.024350912479797718,40.80541313236405,2.938844771588662,0.24806266270802363,POINT (-110.73945 42.90541),3.0,2.0
Gage-13161500,0.1903990850105386,38.58994834240548,1.4722196191163497,0.35226452450533213,POINT (-115.55631 41.7042),3.0,2.0
Gage-13235000,0.4899325054995877,62.07725864834912,2.9078056701325785,0.34056400697227973,POINT (-115.30613 44.14179),8.0,2.0
Gage-13240000,0.15852622508489475,33.718961649765575,0.9801072580407081,0.18299971717673202,POINT (-115.92988 44.95118),8.0,2.0
Gage-13313000,0.33418256609045616,55.3620423844537,1.7814836939296348,0.1492576287635904,POINT (-115.50648 44.74458),4.0,2.0
Gage-13331500,0.3388981543424804,62.72241546512106,1.9462261748828162,0.14084088820470841,POINT (-117.57786 45.32122),12.0,2.0
Gage-14020000,0.06408348914124132,68.03690541523382,2.601326740715924,0.16511238357730162,POINT (-118.18835 45.69477),12.0,2.0
Gage-14096850,0.11311583981301446,59.99944793845858,3.920585595553723,0.09702094926332015,POINT (-121.46096 45.03435),8.0,2.0
Gage-14137000,0.19218530023777464,33.8552262298777,3.3078681557761986,0.09363802200857241,POINT (-121.87651 45.30801),3.0,2.0
Gage-14138800,0.034266195080831174,37.04063427676344,2.0934749502131096,0.10700340853123542,POINT (-121.87952 45.43958),3.0,2.0
Gage-14138870,0.039497321081144364,36.897520715817336,2.063333306544877,0.10669275729552992,POINT (-121.9875 45.4718),3.0,2.0
Gage-14138900,0.03476688387539239,36.87852149161887,2.083046697141712,0.10695887704785843,POINT (-122.01723 45.53408),3.0,2.0
Gage-14139800,0.2741926369135014,30.96117037031875,0.9761414259934383,0.09159369314265707,POINT (-122.01432 45.44413),3.0,2.0
Gage-14141500,0.15238084514586717,37.87503736658344,2.395281350510798,0.09276616542332172,POINT (-122.04301 45.41544),3.0,2.0
Gage-14154500,0.04411590067179983,31.531282462082743,0.5917281333579285,0.3577954892383395,POINT (-122.71525 43.66204),3.0,2.0
Gage-14158790,0.6051172200866985,55.22726130110794,1.4878047268458279,0.0939477940425676,POINT (-122.07449 44.36002),3.0,2.0
Gage-14166500,0.23655073308743357,44.02557066322074,2.0,0.11120451942846966,POINT (-123.45066 44.10252),11.0,2.0
Gage-14182500,0.12522614530442244,31.609642471875688,1.162099333893792,0.09834296538213247,POINT (-122.34103 44.82652),3.0,2.0
Gage-14185000,0.10201507246356625,49.790378670511785,2.9387706471546218,0.13905917440723203,POINT (-122.31802 44.37924),3.0,2.0
Gage-14185900,0.04848128213450477,36.069054028865565,3.883151167811936,0.10175617248310347,POINT (-122.31096 44.58919),3.0,2.0
Gage-14187000,0.07014379024585184,37.78273879283828,1.5112887582093957,0.3094575062665931,POINT (-122.53038 44.32938),3.0,2.0
Gage-14216500,0.3985965414377041,61.78350234263289,0.6695173584375754,0.09172479150475824,POINT (-122.01595 46.21386),4.0,2.0
Gage-14222500,0.02012732959407448,39.2603994809561,0.9682208854468258,0.09819714461423247,POINT (-122.28502 45.80792),3.0,2.0
Gage-14236200,0.19495738855924707,30.39693970246252,0.9981663525856268,0.11622061002650931,POINT (-122.28922 46.605),12.0,2.0
Gage-14301000,0.054252917097710796,61.374607413483105,2.06903111814614,0.27181379081282225,POINT (-123.39198 45.86674),12.0,2.0
Gage-14303200,0.0943513438105583,30.928770065307617,2.0,0.2550831735134125,POINT (-123.53069 45.3237),3.0,2.0
Gage-14305500,0.03888039754642918,30.820690630217822,2.002349536725592,0.11789448626178954,POINT (-123.71999 44.81731),3.0,2.0
Gage-14306340,0.22068137360844856,66.5450917041841,2.0,0.35493222907508626,POINT (-123.60289 44.26003),3.0,2.0
Gage-14306500,0.21829611677395377,70.3156840701083,2.0,0.3527597560633799,POINT (-123.67576 44.34974),3.0,2.0
Gage-14308990,0.8625237159507556,67.4883597866078,3.8384864285931695,0.09171126880174281,POINT (-123.04089 42.79438),8.0,2.0
Gage-14309500,0.10421393035287925,62.110547728966026,3.7335373837033825,0.324334028749214,POINT (-123.74216 42.83017),3.0,2.0
Gage-14316700,0.03407704119351356,34.037280824829644,0.9291201859390271,0.2004280980819906,POINT (-122.64677 43.4529),3.0,2.0
Gage-14325000,0.12328237038250658,36.80310939799563,2.0105192871222464,0.3573931451127174,POINT (-124.02763 42.79249),3.0,2.0
Gage-14362250,0.6537379648937411,63.15512958297354,1.3303623982030708,0.3195044520638599,POINT (-123.12535 42.16583),3.0,2.0
Gage-14400000,0.18399134110302404,36.93164454227118,2.0083449927169186,0.35775177396243013,POINT (-124.00527 42.23303),3.0,2.0
